doc_id,question_id,chapter_id,chapter_name,concept_id,concept_name,difficulty,question_type,prompt,final_answer,worked_solution,tags,search_text
question::q_tb_circle_perimeter_area_applications_001,q_tb_circle_perimeter_area_applications_001,ch_areas_related_to_circles,Areas Related to Circles,c_circle_perimeter_area_applications,Perimeter and Area Applications on Circle Figures,hard,application,"Find the perimeter of a semicircular figure of radius 14 cm, including the diameter. Use pi = 22/7.",72 cm,Perimeter of the semicircular figure = semicircular arc + diameter = pi r + 2r = 22/7 x 14 + 28 = 44 + 28 = 72 cm.,areas_related_to_circles|perimeter|textbook_bootstrap,"Areas Related to Circles Perimeter and Area Applications on Circle Figures Solve perimeter or circumference and area problems on figures built from arcs, sectors, and segments. Handle combined area-perimeter reasoning in circle-based figures. application hard areas_related_to_circles perimeter textbook_bootstrap Find the perimeter of a semicircular figure of radius 14 cm, including the diameter. Use pi = 22/7. 72 cm Perimeter of the semicircular figure = semicircular arc + diameter = pi r + 2r = 22/7 x 14 + 28 = 44 + 28 = 72 cm."
question::q_tb_circle_perimeter_area_applications_002,q_tb_circle_perimeter_area_applications_002,ch_areas_related_to_circles,Areas Related to Circles,c_circle_perimeter_area_applications,Perimeter and Area Applications on Circle Figures,hard,application,A quadrant has radius 14 cm. Find its perimeter using pi = 22/7.,50 cm,Perimeter of a quadrant = arc length of one-fourth of a circle + two radii = (1/4)(2pi r) + 2r = (1/2)pi r + 2r = 22 + 28 = 50 cm.,areas_related_to_circles|perimeter|quadrant|textbook_bootstrap,"Areas Related to Circles Perimeter and Area Applications on Circle Figures Solve perimeter or circumference and area problems on figures built from arcs, sectors, and segments. Handle combined area-perimeter reasoning in circle-based figures. application hard areas_related_to_circles perimeter quadrant textbook_bootstrap A quadrant has radius 14 cm. Find its perimeter using pi = 22/7. 50 cm Perimeter of a quadrant = arc length of one-fourth of a circle + two radii = (1/4)(2pi r) + 2r = (1/2)pi r + 2r = 22 + 28 = 50 cm."
question::q_tb_sectors_segments_002,q_tb_sectors_segments_002,ch_areas_related_to_circles,Areas Related to Circles,c_sectors_segments,Sectors and Segments of a Circle,hard,numerical,A sector of a circle has radius 14 cm and angle 60 degrees. Find its arc length using pi = 22/7.,44/3 cm,Arc length = (theta/360) x 2pi r = (60/360) x 2 x 22/7 x 14 = 44/3 cm.,areas_related_to_circles|arc_length|textbook_bootstrap,"Areas Related to Circles Sectors and Segments of a Circle Compute areas of sectors and segments, with Class X restrictions on common central angles for segment problems. Calculate sector and segment areas in circle-based plane figures. numerical hard areas_related_to_circles arc_length textbook_bootstrap A sector of a circle has radius 14 cm and angle 60 degrees. Find its arc length using pi = 22/7. 44/3 cm Arc length = (theta/360) x 2pi r = (60/360) x 2 x 22/7 x 14 = 44/3 cm."
question::q_tb_sectors_segments_001,q_tb_sectors_segments_001,ch_areas_related_to_circles,Areas Related to Circles,c_sectors_segments,Sectors and Segments of a Circle,medium,numerical,Find the area of a sector of radius 7 cm and central angle 90 degrees.,49pi/4 square cm,Area of a sector = (theta/360) x pi r^2. So the area is (90/360) x pi x 7^2 = 49pi/4 square cm.,areas_related_to_circles|sector_area|textbook_bootstrap,"Areas Related to Circles Sectors and Segments of a Circle Compute areas of sectors and segments, with Class X restrictions on common central angles for segment problems. Calculate sector and segment areas in circle-based plane figures. numerical medium areas_related_to_circles sector_area textbook_bootstrap Find the area of a sector of radius 7 cm and central angle 90 degrees. 49pi/4 square cm Area of a sector = (theta/360) x pi r^2. So the area is (90/360) x pi x 7^2 = 49pi/4 square cm."
question::q_tb_ap_applications_002,q_tb_ap_applications_002,ch_arithmetic_progressions,Arithmetic Progressions,c_ap_applications,Applications of Arithmetic Progressions,hard,application,"A child saves Rs 5 on the first day, Rs 8 on the second day, Rs 11 on the third day, and continues in the same pattern. How much will the child save in 20 days?",670 rupees,"Savings form an A.P. with a = 5, d = 3, and n = 20. Then S_20 = 20/2 [2 x 5 + 19 x 3] = 10(10 + 57) = 670. So the child saves Rs 670 in 20 days.",arithmetic_progression|application|daily_life|textbook_bootstrap,"Arithmetic Progressions Applications of Arithmetic Progressions Model and solve daily-life problems whose structure follows an arithmetic progression. Translate contextual patterns into A.P. terms or sums. application hard arithmetic_progression application daily_life textbook_bootstrap A child saves Rs 5 on the first day, Rs 8 on the second day, Rs 11 on the third day, and continues in the same pattern. How much will the child save in 20 days? 670 rupees Savings form an A.P. with a = 5, d = 3, and n = 20. Then S_20 = 20/2 [2 x 5 + 19 x 3] = 10(10 + 57) = 670. So the child saves Rs 670 in 20 days."
question::q_tb_ap_applications_001,q_tb_ap_applications_001,ch_arithmetic_progressions,Arithmetic Progressions,c_ap_applications,Applications of Arithmetic Progressions,medium,application,"In an auditorium, the first row has 20 seats, the second row has 22 seats, and each next row has 2 more seats than the previous row. How many seats are there in the first 15 rows?",510,"The number of seats forms an AP with a = 20, d = 2, and n = 15. So S_15 = 15/2 [2(20) + 14 x 2] = 15/2 (40 + 28) = 15/2 x 68 = 510.",arithmetic_progression|application|textbook_bootstrap,"Arithmetic Progressions Applications of Arithmetic Progressions Model and solve daily-life problems whose structure follows an arithmetic progression. Translate contextual patterns into A.P. terms or sums. application medium arithmetic_progression application textbook_bootstrap In an auditorium, the first row has 20 seats, the second row has 22 seats, and each next row has 2 more seats than the previous row. How many seats are there in the first 15 rows? 510 The number of seats forms an AP with a = 20, d = 2, and n = 15. So S_15 = 15/2 [2(20) + 14 x 2] = 15/2 (40 + 28) = 15/2 x 68 = 510."
question::q_tb_ap_nth_term_001,q_tb_ap_nth_term_001,ch_arithmetic_progressions,Arithmetic Progressions,c_ap_nth_term,Nth Term of an Arithmetic Progression,easy,numerical,"Find the 15th term of the arithmetic progression 7, 11, 15, 19, ...",63,Here a = 7 and d = 4. The nth term is a_n = a + (n - 1)d. So a_15 = 7 + 14 x 4 = 63.,arithmetic_progression|nth_term|textbook_bootstrap,"Arithmetic Progressions Nth Term of an Arithmetic Progression Use the common difference and first term to derive or compute the nth term of an A.P. Find any requested term in an arithmetic progression. numerical easy arithmetic_progression nth_term textbook_bootstrap Find the 15th term of the arithmetic progression 7, 11, 15, 19, ... 63 Here a = 7 and d = 4. The nth term is a_n = a + (n - 1)d. So a_15 = 7 + 14 x 4 = 63."
question::q_tb_ap_nth_term_002,q_tb_ap_nth_term_002,ch_arithmetic_progressions,Arithmetic Progressions,c_ap_nth_term,Nth Term of an Arithmetic Progression,medium,numerical,"Which term of the A.P. 5, 9, 13, 17, ... is 101?",25th term,"Here a = 5 and d = 4. Let the required term be the nth term. Then 101 = 5 + (n - 1)4. So 96 = 4(n - 1), hence n - 1 = 24 and n = 25.",arithmetic_progression|nth_term|term_identification|textbook_bootstrap,"Arithmetic Progressions Nth Term of an Arithmetic Progression Use the common difference and first term to derive or compute the nth term of an A.P. Find any requested term in an arithmetic progression. numerical medium arithmetic_progression nth_term term_identification textbook_bootstrap Which term of the A.P. 5, 9, 13, 17, ... is 101? 25th term Here a = 5 and d = 4. Let the required term be the nth term. Then 101 = 5 + (n - 1)4. So 96 = 4(n - 1), hence n - 1 = 24 and n = 25."
question::q_tb_ap_sum_001,q_tb_ap_sum_001,ch_arithmetic_progressions,Arithmetic Progressions,c_ap_sum,Sum of First n Terms of an Arithmetic Progression,medium,numerical,"Find the sum of the first 20 terms of the arithmetic progression 3, 7, 11, 15, ...",820,"Here a = 3, d = 4 and n = 20. The 20th term is 3 + 19 x 4 = 79. Then S_20 = n/2 [2a + (n - 1)d] = 20/2 [6 + 76] = 10 x 82 = 820.",arithmetic_progression|sum|textbook_bootstrap,"Arithmetic Progressions Sum of First n Terms of an Arithmetic Progression Derive and use the sum formula for the first n terms of an arithmetic progression. Compute cumulative totals in an arithmetic progression. numerical medium arithmetic_progression sum textbook_bootstrap Find the sum of the first 20 terms of the arithmetic progression 3, 7, 11, 15, ... 820 Here a = 3, d = 4 and n = 20. The 20th term is 3 + 19 x 4 = 79. Then S_20 = n/2 [2a + (n - 1)d] = 20/2 [6 + 76] = 10 x 82 = 820."
question::q_tb_ap_sum_002,q_tb_ap_sum_002,ch_arithmetic_progressions,Arithmetic Progressions,c_ap_sum,Sum of First n Terms of an Arithmetic Progression,medium,numerical,Find the sum of the first 30 multiples of 3.,1395,"The multiples of 3 form an A.P. with a = 3, d = 3, and n = 30. So S_30 = 30/2 [2 x 3 + 29 x 3] = 15(6 + 87) = 15 x 93 = 1395.",arithmetic_progression|sum|multiples|textbook_bootstrap,"Arithmetic Progressions Sum of First n Terms of an Arithmetic Progression Derive and use the sum formula for the first n terms of an arithmetic progression. Compute cumulative totals in an arithmetic progression. numerical medium arithmetic_progression sum multiples textbook_bootstrap Find the sum of the first 30 multiples of 3. 1395 The multiples of 3 form an A.P. with a = 3, d = 3, and n = 30. So S_30 = 30/2 [2 x 3 + 29 x 3] = 15(6 + 87) = 15 x 93 = 1395."
question::q_tb_tangent_radius_perpendicular_001,q_tb_tangent_radius_perpendicular_001,ch_circles,Circles,c_tangent_radius_perpendicular,Tangent Perpendicular to Radius,easy,reasoning,A tangent PT touches a circle with centre O at P. What is the measure of angle OPT?,90 degrees,The radius through the point of contact is perpendicular to the tangent. Therefore angle OPT = 90 degrees.,circles|tangent|radius|textbook_bootstrap,Circles Tangent Perpendicular to Radius Use the theorem that the tangent at a point of a circle is perpendicular to the radius through that point. Apply the tangent-radius perpendicular theorem in proofs. reasoning easy circles tangent radius textbook_bootstrap A tangent PT touches a circle with centre O at P. What is the measure of angle OPT? 90 degrees The radius through the point of contact is perpendicular to the tangent. Therefore angle OPT = 90 degrees.
question::q_tb_tangent_radius_perpendicular_002,q_tb_tangent_radius_perpendicular_002,ch_circles,Circles,c_tangent_radius_perpendicular,Tangent Perpendicular to Radius,medium,proof,Explain why the radius drawn to the point of contact of a tangent is perpendicular to the tangent.,The radius to the point of contact is perpendicular to the tangent.,"A tangent touches the circle at exactly one point. The shortest distance from the centre to the tangent is along the perpendicular. Since the radius to the point of contact gives this shortest distance, it is perpendicular to the tangent.",circles|tangent|proof|textbook_bootstrap,"Circles Tangent Perpendicular to Radius Use the theorem that the tangent at a point of a circle is perpendicular to the radius through that point. Apply the tangent-radius perpendicular theorem in proofs. proof medium circles tangent proof textbook_bootstrap Explain why the radius drawn to the point of contact of a tangent is perpendicular to the tangent. The radius to the point of contact is perpendicular to the tangent. A tangent touches the circle at exactly one point. The shortest distance from the centre to the tangent is along the perpendicular. Since the radius to the point of contact gives this shortest distance, it is perpendicular to the tangent."
question::q_tb_tangents_from_external_point_001,q_tb_tangents_from_external_point_001,ch_circles,Circles,c_tangents_from_external_point,Tangents from an External Point,medium,numerical,"From an external point P, two tangents PA and PB are drawn to a circle. If PA = 12 cm, find PB.",12 cm,Tangents drawn from an external point to a circle are equal in length. Hence PB = PA = 12 cm.,circles|equal_tangents|textbook_bootstrap,"Circles Tangents from an External Point Use the theorem that tangents drawn from an external point to a circle are equal in length. Solve equal-tangent problems from an external point. numerical medium circles equal_tangents textbook_bootstrap From an external point P, two tangents PA and PB are drawn to a circle. If PA = 12 cm, find PB. 12 cm Tangents drawn from an external point to a circle are equal in length. Hence PB = PA = 12 cm."
question::q_tb_tangents_from_external_point_002,q_tb_tangents_from_external_point_002,ch_circles,Circles,c_tangents_from_external_point,Tangents from an External Point,medium,geometry,"From a point P outside a circle, tangents PA and PB are drawn. If APB = 70 degrees, find angle AOB, where O is the centre.",110 degrees,"OA is perpendicular to PA and OB is perpendicular to PB. In quadrilateral OAPB, angles at A and B are 90 degrees each. Therefore angle AOB + angle APB + 90 + 90 = 360. So angle AOB = 360 - 250 = 110 degrees.",circles|equal_tangents|angles|textbook_bootstrap,"Circles Tangents from an External Point Use the theorem that tangents drawn from an external point to a circle are equal in length. Solve equal-tangent problems from an external point. geometry medium circles equal_tangents angles textbook_bootstrap From a point P outside a circle, tangents PA and PB are drawn. If APB = 70 degrees, find angle AOB, where O is the centre. 110 degrees OA is perpendicular to PA and OB is perpendicular to PB. In quadrilateral OAPB, angles at A and B are 90 degrees each. Therefore angle AOB + angle APB + 90 + 90 = 360. So angle AOB = 360 - 250 = 110 degrees."
question::q_cg_004,q_cg_004,ch_coordinate_geometry,Coordinate Geometry,c_area_of_triangle,Area of a Triangle in Coordinates,hard,reasoning,"Check whether the points (1, 1), (2, 3), and (3, 5) are collinear.","Yes, the points are collinear.","Use the area test. Area = 1/2 |1(3 - 5) + 2(5 - 1) + 3(1 - 3)| = 1/2 |-2 + 8 - 6| = 0. Since the area is zero, the points are collinear.",coordinate_geometry|collinearity|area_test,"Coordinate Geometry Area of a Triangle in Coordinates Use coordinate area reasoning to compute triangle area or check collinearity as an applied extension. Use coordinate-based area reasoning in triangle problems. reasoning hard coordinate_geometry collinearity area_test Check whether the points (1, 1), (2, 3), and (3, 5) are collinear. Yes, the points are collinear. Use the area test. Area = 1/2 |1(3 - 5) + 2(5 - 1) + 3(1 - 3)| = 1/2 |-2 + 8 - 6| = 0. Since the area is zero, the points are collinear."
question::q_cg_003,q_cg_003,ch_coordinate_geometry,Coordinate Geometry,c_area_of_triangle,Area of a Triangle in Coordinates,medium,numerical,"Find the area of the triangle with vertices (0, 0), (4, 0), and (1, 3).",6 square units,"Using the coordinate area formula, area = 1/2 |x1(y2 - y3) + x2(y3 - y1) + x3(y1 - y2)|. Substituting the points gives area = 1/2 |0(0 - 3) + 4(3 - 0) + 1(0 - 0)| = 1/2 x 12 = 6 square units.",coordinate_geometry|triangle_area,"Coordinate Geometry Area of a Triangle in Coordinates Use coordinate area reasoning to compute triangle area or check collinearity as an applied extension. Use coordinate-based area reasoning in triangle problems. numerical medium coordinate_geometry triangle_area Find the area of the triangle with vertices (0, 0), (4, 0), and (1, 3). 6 square units Using the coordinate area formula, area = 1/2 |x1(y2 - y3) + x2(y3 - y1) + x3(y1 - y2)|. Substituting the points gives area = 1/2 |0(0 - 3) + 4(3 - 0) + 1(0 - 0)| = 1/2 x 12 = 6 square units."
question::q_tb_area_of_triangle_001,q_tb_area_of_triangle_001,ch_coordinate_geometry,Coordinate Geometry,c_area_of_triangle,Area of a Triangle in Coordinates,medium,numerical,"Find the area of the triangle with vertices (1, 0), (7, 0), and (3, 5).",15 square units,Take the base on the x-axis. Base length = 6 and height = 5. So area = 1/2 x 6 x 5 = 15 square units.,coordinate_geometry|triangle_area|textbook_bootstrap,"Coordinate Geometry Area of a Triangle in Coordinates Use coordinate area reasoning to compute triangle area or check collinearity as an applied extension. Use coordinate-based area reasoning in triangle problems. numerical medium coordinate_geometry triangle_area textbook_bootstrap Find the area of the triangle with vertices (1, 0), (7, 0), and (3, 5). 15 square units Take the base on the x-axis. Base length = 6 and height = 5. So area = 1/2 x 6 x 5 = 15 square units."
question::q_cg_001,q_cg_001,ch_coordinate_geometry,Coordinate Geometry,c_distance_formula,Distance Formula,easy,numerical,"Find the distance between the points (2, 3) and (8, 11).",10,"Using the distance formula, distance = sqrt((8 - 2)^2 + (11 - 3)^2) = sqrt(6^2 + 8^2) = sqrt(36 + 64) = sqrt(100) = 10.",coordinate_geometry|distance_formula,"Coordinate Geometry Distance Formula Compute the distance between two points in the Cartesian plane using the standard formula. Apply the distance formula accurately in coordinate problems. numerical easy coordinate_geometry distance_formula Find the distance between the points (2, 3) and (8, 11). 10 Using the distance formula, distance = sqrt((8 - 2)^2 + (11 - 3)^2) = sqrt(6^2 + 8^2) = sqrt(36 + 64) = sqrt(100) = 10."
question::q_tb_distance_formula_001,q_tb_distance_formula_001,ch_coordinate_geometry,Coordinate Geometry,c_distance_formula,Distance Formula,easy,numerical,"Find the distance between (-2, 1) and (3, 13).",13,Distance = sqrt((3 - -2)^2 + (13 - 1)^2) = sqrt(5^2 + 12^2) = 13.,coordinate_geometry|distance_formula|textbook_bootstrap,"Coordinate Geometry Distance Formula Compute the distance between two points in the Cartesian plane using the standard formula. Apply the distance formula accurately in coordinate problems. numerical easy coordinate_geometry distance_formula textbook_bootstrap Find the distance between (-2, 1) and (3, 13). 13 Distance = sqrt((3 - -2)^2 + (13 - 1)^2) = sqrt(5^2 + 12^2) = 13."
question::q_cg_002,q_cg_002,ch_coordinate_geometry,Coordinate Geometry,c_section_formula,Section Formula,medium,numerical,"Find the point that divides the line segment joining (1, 2) and (7, 8) internally in the ratio 1:2.","(3, 4)","If P divides A(x1, y1) and B(x2, y2) in the ratio m:n, then P = ((mx2 + nx1)/(m + n), (my2 + ny1)/(m + n)). With m = 1, n = 2, A = (1, 2), and B = (7, 8), P = ((1 x 7 + 2 x 1)/3, (1 x 8 + 2 x 2)/3) = (9/3, 12/3) = (3, 4).",coordinate_geometry|section_formula|ratio,"Coordinate Geometry Section Formula Find the point that divides a line segment internally in a given ratio. Use weighted averages to locate an internal division point. numerical medium coordinate_geometry section_formula ratio Find the point that divides the line segment joining (1, 2) and (7, 8) internally in the ratio 1:2. (3, 4) If P divides A(x1, y1) and B(x2, y2) in the ratio m:n, then P = ((mx2 + nx1)/(m + n), (my2 + ny1)/(m + n)). With m = 1, n = 2, A = (1, 2), and B = (7, 8), P = ((1 x 7 + 2 x 1)/3, (1 x 8 + 2 x 2)/3) = (9/3, 12/3) = (3, 4)."
question::q_tb_section_formula_001,q_tb_section_formula_001,ch_coordinate_geometry,Coordinate Geometry,c_section_formula,Section Formula,medium,numerical,"Find the point dividing the line segment joining (1, 2) and (10, 8) internally in the ratio 1:2.","(4, 4)","Using the section formula, P = ((1 x 10 + 2 x 1)/3, (1 x 8 + 2 x 2)/3) = (4, 4).",coordinate_geometry|section_formula|ratio|textbook_bootstrap,"Coordinate Geometry Section Formula Find the point that divides a line segment internally in a given ratio. Use weighted averages to locate an internal division point. numerical medium coordinate_geometry section_formula ratio textbook_bootstrap Find the point dividing the line segment joining (1, 2) and (10, 8) internally in the ratio 1:2. (4, 4) Using the section formula, P = ((1 x 10 + 2 x 1)/3, (1 x 8 + 2 x 2)/3) = (4, 4)."
question::q_tb_pair_linear_equations_algebraic_002,q_tb_pair_linear_equations_algebraic_002,ch_pair_linear_equations,Pair of Linear Equations in Two Variables,c_pair_linear_equations_algebraic,Algebraic Methods for Pair of Linear Equations,hard,application,"A test has 20 questions. A correct answer gives 3 marks and a wrong answer deducts 1 mark. If a student attempts all questions and scores 44 marks, how many answers were correct and how many were wrong?",16 correct and 4 wrong,"Let correct answers be x and wrong answers be y. Then x + y = 20 and 3x - y = 44. Adding gives 4x = 64, so x = 16. Then y = 4.",linear_equations|word_problem|algebraic_method|textbook_bootstrap,"Pair of Linear Equations in Two Variables Algebraic Methods for Pair of Linear Equations Solve linear systems by substitution or elimination and apply them in simple situational problems. Solve two-variable linear systems algebraically and in context. application hard linear_equations word_problem algebraic_method textbook_bootstrap A test has 20 questions. A correct answer gives 3 marks and a wrong answer deducts 1 mark. If a student attempts all questions and scores 44 marks, how many answers were correct and how many were wrong? 16 correct and 4 wrong Let correct answers be x and wrong answers be y. Then x + y = 20 and 3x - y = 44. Adding gives 4x = 64, so x = 16. Then y = 4."
question::q_tb_pair_linear_equations_algebraic_001,q_tb_pair_linear_equations_algebraic_001,ch_pair_linear_equations,Pair of Linear Equations in Two Variables,c_pair_linear_equations_algebraic,Algebraic Methods for Pair of Linear Equations,medium,algebraic,Solve the pair of equations 2x + y = 11 and x - y = 1 by the elimination method.,"x = 4, y = 3","Add the equations: (2x + y) + (x - y) = 11 + 1, so 3x = 12 and x = 4. Substitute into x - y = 1 to get 4 - y = 1, hence y = 3.",linear_equations|elimination|textbook_bootstrap,"Pair of Linear Equations in Two Variables Algebraic Methods for Pair of Linear Equations Solve linear systems by substitution or elimination and apply them in simple situational problems. Solve two-variable linear systems algebraically and in context. algebraic medium linear_equations elimination textbook_bootstrap Solve the pair of equations 2x + y = 11 and x - y = 1 by the elimination method. x = 4, y = 3 Add the equations: (2x + y) + (x - y) = 11 + 1, so 3x = 12 and x = 4. Substitute into x - y = 1 to get 4 - y = 1, hence y = 3."
question::q_tb_pair_linear_equations_consistency_001,q_tb_pair_linear_equations_consistency_001,ch_pair_linear_equations,Pair of Linear Equations in Two Variables,c_pair_linear_equations_consistency,Consistency and Number of Solutions,medium,reasoning,Determine the number of solutions of the pair 2x + 4y - 6 = 0 and x + 2y - 3 = 0.,Infinitely many solutions,"For a1/a2 = 2/1 = 2, b1/b2 = 4/2 = 2, and c1/c2 = -6/-3 = 2. Since all three ratios are equal, the two equations represent the same line. Hence the pair has infinitely many solutions.",linear_equations|consistency|textbook_bootstrap,"Pair of Linear Equations in Two Variables Consistency and Number of Solutions Use coefficient conditions and graph interpretation to determine whether a system is consistent, inconsistent, or dependent. Classify a pair of equations by its number of solutions. reasoning medium linear_equations consistency textbook_bootstrap Determine the number of solutions of the pair 2x + 4y - 6 = 0 and x + 2y - 3 = 0. Infinitely many solutions For a1/a2 = 2/1 = 2, b1/b2 = 4/2 = 2, and c1/c2 = -6/-3 = 2. Since all three ratios are equal, the two equations represent the same line. Hence the pair has infinitely many solutions."
question::q_tb_pair_linear_equations_consistency_002,q_tb_pair_linear_equations_consistency_002,ch_pair_linear_equations,Pair of Linear Equations in Two Variables,c_pair_linear_equations_consistency,Consistency and Number of Solutions,medium,reasoning,Classify the pair 3x + 2y = 8 and 6x + 4y = 9 as consistent or inconsistent. Also state the number of solutions.,Inconsistent; no solution,"Here a1/a2 = 3/6 = 1/2 and b1/b2 = 2/4 = 1/2, but c1/c2 = 8/9 is not equal to 1/2. So the lines are parallel and distinct. Hence the pair is inconsistent and has no solution.",linear_equations|consistency|parallel_lines|textbook_bootstrap,"Pair of Linear Equations in Two Variables Consistency and Number of Solutions Use coefficient conditions and graph interpretation to determine whether a system is consistent, inconsistent, or dependent. Classify a pair of equations by its number of solutions. reasoning medium linear_equations consistency parallel_lines textbook_bootstrap Classify the pair 3x + 2y = 8 and 6x + 4y = 9 as consistent or inconsistent. Also state the number of solutions. Inconsistent; no solution Here a1/a2 = 3/6 = 1/2 and b1/b2 = 2/4 = 1/2, but c1/c2 = 8/9 is not equal to 1/2. So the lines are parallel and distinct. Hence the pair is inconsistent and has no solution."
question::q_tb_pair_linear_equations_graphical_001,q_tb_pair_linear_equations_graphical_001,ch_pair_linear_equations,Pair of Linear Equations in Two Variables,c_pair_linear_equations_graphical,Graphical Solution of Pair of Linear Equations,easy,graphical,Solve the pair of linear equations x + y = 5 and x - y = 1 graphically. State the point of intersection.,"(3, 2)","The two lines intersect where both equations are satisfied. Adding the equations gives 2x = 6, so x = 3. Substituting into x + y = 5 gives y = 2. Therefore the lines intersect at (3, 2).",linear_equations|graphical_method|textbook_bootstrap,"Pair of Linear Equations in Two Variables Graphical Solution of Pair of Linear Equations Represent two linear equations on the Cartesian plane and interpret their point of intersection. Use graphs to solve linear systems and interpret geometric meaning. graphical easy linear_equations graphical_method textbook_bootstrap Solve the pair of linear equations x + y = 5 and x - y = 1 graphically. State the point of intersection. (3, 2) The two lines intersect where both equations are satisfied. Adding the equations gives 2x = 6, so x = 3. Substituting into x + y = 5 gives y = 2. Therefore the lines intersect at (3, 2)."
question::q_tb_pair_linear_equations_graphical_002,q_tb_pair_linear_equations_graphical_002,ch_pair_linear_equations,Pair of Linear Equations in Two Variables,c_pair_linear_equations_graphical,Graphical Solution of Pair of Linear Equations,medium,graphical,"For the equations 2x + y = 7 and x - y = 2, find the solution and explain what the intersection point represents on the graph.","(3, 1); it is the common point satisfying both equations.","Add the equations to eliminate y: 3x = 9, so x = 3. Then 3 - y = 2 gives y = 1. On the graph, the lines meet at (3, 1), which is the ordered pair satisfying both equations simultaneously.",linear_equations|graphical_method|intersection_meaning|textbook_bootstrap,"Pair of Linear Equations in Two Variables Graphical Solution of Pair of Linear Equations Represent two linear equations on the Cartesian plane and interpret their point of intersection. Use graphs to solve linear systems and interpret geometric meaning. graphical medium linear_equations graphical_method intersection_meaning textbook_bootstrap For the equations 2x + y = 7 and x - y = 2, find the solution and explain what the intersection point represents on the graph. (3, 1); it is the common point satisfying both equations. Add the equations to eliminate y: 3x = 9, so x = 3. Then 3 - y = 2 gives y = 1. On the graph, the lines meet at (3, 1), which is the ordered pair satisfying both equations simultaneously."
question::q_poly_005,q_poly_005,ch_polynomials,Polynomials,c_factorisation_remainder,Factorisation and Remainder Theorem,hard,numerical,Find the remainder when p(x) = x^3 - 2x^2 + 4x - 5 is divided by x - 3.,16,"By the remainder theorem, the remainder on dividing by x - 3 is p(3). Compute p(3) = 27 - 18 + 12 - 5 = 16. Therefore the remainder is 16.",polynomials|remainder_theorem|evaluation,"Polynomials Factorisation and Remainder Theorem Use polynomial evaluation and factor checks as a supporting skill for zero-based reasoning. Test factors efficiently while linking factorization to roots. numerical hard polynomials remainder_theorem evaluation Find the remainder when p(x) = x^3 - 2x^2 + 4x - 5 is divided by x - 3. 16 By the remainder theorem, the remainder on dividing by x - 3 is p(3). Compute p(3) = 27 - 18 + 12 - 5 = 16. Therefore the remainder is 16."
question::q_tb_factorisation_remainder_001,q_tb_factorisation_remainder_001,ch_polynomials,Polynomials,c_factorisation_remainder,Factorisation and Remainder Theorem,hard,verification,"If p(x) = (x - -1)(x - 1)(x - -3), find the remainder when p(x) is divided by x + 1.",0,"By the remainder theorem, the remainder on division by x + 1 is p(-1). Since p(-1) = (-1 - -1)(-1 - 1)(-1 - -3) = 0, the remainder is 0.",polynomials|remainder_theorem|textbook_variant|textbook_bootstrap,"Polynomials Factorisation and Remainder Theorem Use polynomial evaluation and factor checks as a supporting skill for zero-based reasoning. Test factors efficiently while linking factorization to roots. verification hard polynomials remainder_theorem textbook_variant textbook_bootstrap If p(x) = (x - -1)(x - 1)(x - -3), find the remainder when p(x) is divided by x + 1. 0 By the remainder theorem, the remainder on division by x + 1 is p(-1). Since p(-1) = (-1 - -1)(-1 - 1)(-1 - -3) = 0, the remainder is 0."
question::q_poly_004,q_poly_004,ch_polynomials,Polynomials,c_factorisation_remainder,Factorisation and Remainder Theorem,medium,verification,"Check whether x - 2 is a factor of p(x) = x^3 - 4x^2 + x + 6. If it is, write one complete factorization.",Yes; p(x) = (x - 2)(x - 3)(x + 1),"By the factor theorem, x - 2 is a factor if p(2) = 0. Compute p(2) = 8 - 16 + 2 + 6 = 0, so x - 2 is a factor. Dividing p(x) by x - 2 gives x^2 - 2x - 3, which factors as (x - 3)(x + 1). Therefore p(x) = (x - 2)(x - 3)(x + 1).",polynomials|factor_theorem|factorization,"Polynomials Factorisation and Remainder Theorem Use polynomial evaluation and factor checks as a supporting skill for zero-based reasoning. Test factors efficiently while linking factorization to roots. verification medium polynomials factor_theorem factorization Check whether x - 2 is a factor of p(x) = x^3 - 4x^2 + x + 6. If it is, write one complete factorization. Yes; p(x) = (x - 2)(x - 3)(x + 1) By the factor theorem, x - 2 is a factor if p(2) = 0. Compute p(2) = 8 - 16 + 2 + 6 = 0, so x - 2 is a factor. Dividing p(x) by x - 2 gives x^2 - 2x - 3, which factors as (x - 3)(x + 1). Therefore p(x) = (x - 2)(x - 3)(x + 1)."
question::q_poly_001,q_poly_001,ch_polynomials,Polynomials,c_polynomial_degree_terms,Polynomial Degree and Terms,easy,short_answer,State the degree of the polynomial 5x^4 - 3x + 1 and identify its leading coefficient.,"Degree = 4, leading coefficient = 5","The highest power of x is 4, so the degree is 4. The coefficient of x^4 is 5, so the leading coefficient is 5.",polynomials|degree|coefficients,"Polynomials Polynomial Degree and Terms Review polynomial vocabulary including terms, coefficients, and degree as scaffolding for root analysis. Read polynomial structure before applying Class X zero-based reasoning. short_answer easy polynomials degree coefficients State the degree of the polynomial 5x^4 - 3x + 1 and identify its leading coefficient. Degree = 4, leading coefficient = 5 The highest power of x is 4, so the degree is 4. The coefficient of x^4 is 5, so the leading coefficient is 5."
question::q_tb_polynomial_degree_terms_001,q_tb_polynomial_degree_terms_001,ch_polynomials,Polynomials,c_polynomial_degree_terms,Polynomial Degree and Terms,easy,short_answer,Identify the degree and leading coefficient of p(x) = 3x^6 - 4x^2 + 11.,"Degree = 6, leading coefficient = 3","The highest power of x in the polynomial is 6, so the degree is 6. The coefficient of x^6 is 3, so that is the leading coefficient.",polynomials|degree|leading_coefficient|textbook_bootstrap,"Polynomials Polynomial Degree and Terms Review polynomial vocabulary including terms, coefficients, and degree as scaffolding for root analysis. Read polynomial structure before applying Class X zero-based reasoning. short_answer easy polynomials degree leading_coefficient textbook_bootstrap Identify the degree and leading coefficient of p(x) = 3x^6 - 4x^2 + 11. Degree = 6, leading coefficient = 3 The highest power of x in the polynomial is 6, so the degree is 6. The coefficient of x^6 is 3, so that is the leading coefficient."
question::q_poly_006,q_poly_006,ch_polynomials,Polynomials,c_zero_coeff_relationship,Relationship Between Zeroes and Coefficients,hard,construction,Write a monic quadratic polynomial whose sum of zeroes is 7 and product of zeroes is 10.,x^2 - 7x + 10,"For a monic quadratic with zeroes alpha and beta, the polynomial is x^2 - (alpha + beta)x + alpha beta. With sum 7 and product 10, we get x^2 - 7x + 10.",polynomials|coefficients|construction,"Polynomials Relationship Between Zeroes and Coefficients Use the sum and product of zeroes to connect quadratic roots with coefficients. Construct or analyze quadratic polynomials using root-coefficient relationships. construction hard polynomials coefficients construction Write a monic quadratic polynomial whose sum of zeroes is 7 and product of zeroes is 10. x^2 - 7x + 10 For a monic quadratic with zeroes alpha and beta, the polynomial is x^2 - (alpha + beta)x + alpha beta. With sum 7 and product 10, we get x^2 - 7x + 10."
question::q_poly_003,q_poly_003,ch_polynomials,Polynomials,c_zero_coeff_relationship,Relationship Between Zeroes and Coefficients,medium,construction,Construct a quadratic polynomial whose zeroes are 2 and -3.,x^2 + x - 6,"If the zeroes are alpha = 2 and beta = -3, a monic quadratic is x^2 - (alpha + beta)x + alpha beta. Here alpha + beta = -1 and alpha beta = -6, so the polynomial is x^2 + x - 6.",polynomials|roots|construction,"Polynomials Relationship Between Zeroes and Coefficients Use the sum and product of zeroes to connect quadratic roots with coefficients. Construct or analyze quadratic polynomials using root-coefficient relationships. construction medium polynomials roots construction Construct a quadratic polynomial whose zeroes are 2 and -3. x^2 + x - 6 If the zeroes are alpha = 2 and beta = -3, a monic quadratic is x^2 - (alpha + beta)x + alpha beta. Here alpha + beta = -1 and alpha beta = -6, so the polynomial is x^2 + x - 6."
question::q_tb_zero_coeff_relationship_001,q_tb_zero_coeff_relationship_001,ch_polynomials,Polynomials,c_zero_coeff_relationship,Relationship Between Zeroes and Coefficients,medium,construction,Construct a monic quadratic polynomial whose sum of zeroes is 7 and product of zeroes is 10.,x^2 - 7x + 10,"For a monic quadratic, p(x) = x^2 - (sum of zeroes)x + product of zeroes. Hence p(x) = x^2 - 7x + 10.",polynomials|coefficients|construction|textbook_bootstrap,"Polynomials Relationship Between Zeroes and Coefficients Use the sum and product of zeroes to connect quadratic roots with coefficients. Construct or analyze quadratic polynomials using root-coefficient relationships. construction medium polynomials coefficients construction textbook_bootstrap Construct a monic quadratic polynomial whose sum of zeroes is 7 and product of zeroes is 10. x^2 - 7x + 10 For a monic quadratic, p(x) = x^2 - (sum of zeroes)x + product of zeroes. Hence p(x) = x^2 - 7x + 10."
question::q_poly_002,q_poly_002,ch_polynomials,Polynomials,c_zeroes_of_polynomial,Zeroes of a Polynomial,easy,numerical,Find the zeroes of x^2 - 5x + 6.,2 and 3,Factor the quadratic: x^2 - 5x + 6 = (x - 2)(x - 3). Setting each factor to zero gives x = 2 and x = 3.,polynomials|zeroes|factorization,Polynomials Zeroes of a Polynomial Find and interpret the zeroes of a polynomial in line with the official Class X syllabus. Compute and reason about polynomial zeroes from algebraic forms. numerical easy polynomials zeroes factorization Find the zeroes of x^2 - 5x + 6. 2 and 3 Factor the quadratic: x^2 - 5x + 6 = (x - 2)(x - 3). Setting each factor to zero gives x = 2 and x = 3.
question::q_tb_zeroes_of_polynomial_001,q_tb_zeroes_of_polynomial_001,ch_polynomials,Polynomials,c_zeroes_of_polynomial,Zeroes of a Polynomial,medium,algebraic,Find the zeroes of x^2 - 3x - 10.,-2 and 5,The quadratic factors as (x - (-2))(x - (5)) = 0. Therefore the zeroes are -2 and 5.,polynomials|zeroes|factorisation|textbook_bootstrap,Polynomials Zeroes of a Polynomial Find and interpret the zeroes of a polynomial in line with the official Class X syllabus. Compute and reason about polynomial zeroes from algebraic forms. algebraic medium polynomials zeroes factorisation textbook_bootstrap Find the zeroes of x^2 - 3x - 10. -2 and 5 The quadratic factors as (x - (-2))(x - (5)) = 0. Therefore the zeroes are -2 and 5.
question::q_tb_classical_probability_001,q_tb_classical_probability_001,ch_probability,Probability,c_classical_probability,Classical Probability,easy,probability,A fair die is thrown once. Find the probability of getting a number greater than 4.,1/3,"Possible outcomes are 1, 2, 3, 4, 5, 6. Numbers greater than 4 are 5 and 6, so favorable outcomes = 2. Therefore probability = 2/6 = 1/3.",probability|classical_definition|textbook_bootstrap,"Probability Classical Probability Use favorable outcomes over total equally likely outcomes to compute simple probabilities. Solve introductory probability problems using the classical definition. probability easy probability classical_definition textbook_bootstrap A fair die is thrown once. Find the probability of getting a number greater than 4. 1/3 Possible outcomes are 1, 2, 3, 4, 5, 6. Numbers greater than 4 are 5 and 6, so favorable outcomes = 2. Therefore probability = 2/6 = 1/3."
question::q_tb_classical_probability_002,q_tb_classical_probability_002,ch_probability,Probability,c_classical_probability,Classical Probability,easy,probability,A card is drawn from a well-shuffled deck of 52 playing cards. Find the probability that the card drawn is a king.,1/13,There are 52 equally likely outcomes and 4 favorable outcomes because there are 4 kings in a deck. So the probability is 4/52 = 1/13.,probability|classical_definition|cards|textbook_bootstrap,Probability Classical Probability Use favorable outcomes over total equally likely outcomes to compute simple probabilities. Solve introductory probability problems using the classical definition. probability easy probability classical_definition cards textbook_bootstrap A card is drawn from a well-shuffled deck of 52 playing cards. Find the probability that the card drawn is a king. 1/13 There are 52 equally likely outcomes and 4 favorable outcomes because there are 4 kings in a deck. So the probability is 4/52 = 1/13.
question::q_tb_classical_probability_003,q_tb_classical_probability_003,ch_probability,Probability,c_classical_probability,Classical Probability,medium,probability,One card is drawn from cards numbered 1 to 20. Find the probability that the number is a multiple of 3 or 5.,9/20,"Multiples of 3 are 3, 6, 9, 12, 15, 18 and multiples of 5 are 5, 10, 15, 20. Counting without repetition gives favorable outcomes 3, 5, 6, 9, 10, 12, 15, 18, 20, that is 9 outcomes. So probability = 9/20.",probability|classical_definition|counting|textbook_bootstrap,"Probability Classical Probability Use favorable outcomes over total equally likely outcomes to compute simple probabilities. Solve introductory probability problems using the classical definition. probability medium probability classical_definition counting textbook_bootstrap One card is drawn from cards numbered 1 to 20. Find the probability that the number is a multiple of 3 or 5. 9/20 Multiples of 3 are 3, 6, 9, 12, 15, 18 and multiples of 5 are 5, 10, 15, 20. Counting without repetition gives favorable outcomes 3, 5, 6, 9, 10, 12, 15, 18, 20, that is 9 outcomes. So probability = 9/20."
question::q_tb_discriminant_nature_roots_001,q_tb_discriminant_nature_roots_001,ch_quadratic_equations,Quadratic Equations,c_discriminant_nature_roots,Discriminant and Nature of Roots,medium,reasoning,Find the discriminant of 3x^2 - 5x + 2 = 0 and state the nature of its roots.,Discriminant = 1; roots are two distinct real roots,"For a = 3, b = -5, c = 2, the discriminant is D = b^2 - 4ac = 25 - 24 = 1. Since D is positive, the equation has two distinct real roots.",quadratic_equations|discriminant|textbook_bootstrap,"Quadratic Equations Discriminant and Nature of Roots Use the discriminant to infer whether a quadratic equation has distinct, repeated, or no real roots. Relate discriminant value to the nature of quadratic roots. reasoning medium quadratic_equations discriminant textbook_bootstrap Find the discriminant of 3x^2 - 5x + 2 = 0 and state the nature of its roots. Discriminant = 1; roots are two distinct real roots For a = 3, b = -5, c = 2, the discriminant is D = b^2 - 4ac = 25 - 24 = 1. Since D is positive, the equation has two distinct real roots."
question::q_tb_discriminant_nature_roots_002,q_tb_discriminant_nature_roots_002,ch_quadratic_equations,Quadratic Equations,c_discriminant_nature_roots,Discriminant and Nature of Roots,medium,reasoning,"Without solving the equation, state the nature of roots of 4x^2 + 4x + 1 = 0.",Real and equal roots,Here D = b^2 - 4ac = 4^2 - 4 x 4 x 1 = 16 - 16 = 0. Therefore the quadratic has real and equal roots.,quadratic_equations|discriminant|nature_of_roots|textbook_bootstrap,"Quadratic Equations Discriminant and Nature of Roots Use the discriminant to infer whether a quadratic equation has distinct, repeated, or no real roots. Relate discriminant value to the nature of quadratic roots. reasoning medium quadratic_equations discriminant nature_of_roots textbook_bootstrap Without solving the equation, state the nature of roots of 4x^2 + 4x + 1 = 0. Real and equal roots Here D = b^2 - 4ac = 4^2 - 4 x 4 x 1 = 16 - 16 = 0. Therefore the quadratic has real and equal roots."
question::q_tb_quadratic_applications_001,q_tb_quadratic_applications_001,ch_quadratic_equations,Quadratic Equations,c_quadratic_applications,Situational Problems on Quadratic Equations,hard,application,The product of two consecutive positive integers is 72. Form the quadratic equation and find the integers.,8 and 9,"Let the smaller integer be x. Then x(x + 1) = 72, so x^2 + x - 72 = 0. Factorising gives (x + 9)(x - 8) = 0, so x = 8 or x = -9. Since the integers are positive, they are 8 and 9.",quadratic_equations|word_problem|textbook_bootstrap,"Quadratic Equations Situational Problems on Quadratic Equations Translate day-to-day contexts into quadratic equations and solve them with an appropriate method. Model simple real-life situations using quadratic equations. application hard quadratic_equations word_problem textbook_bootstrap The product of two consecutive positive integers is 72. Form the quadratic equation and find the integers. 8 and 9 Let the smaller integer be x. Then x(x + 1) = 72, so x^2 + x - 72 = 0. Factorising gives (x + 9)(x - 8) = 0, so x = 8 or x = -9. Since the integers are positive, they are 8 and 9."
question::q_tb_quadratic_applications_002,q_tb_quadratic_applications_002,ch_quadratic_equations,Quadratic Equations,c_quadratic_applications,Situational Problems on Quadratic Equations,hard,application,A rectangular garden has area 60 m^2 and its length is 7 m more than its breadth. Find its dimensions.,"Breadth = 5 m, Length = 12 m","Let the breadth be x m. Then length = x + 7 and x(x + 7) = 60, so x^2 + 7x - 60 = 0. Factorising gives (x + 12)(x - 5) = 0. So x = 5, since length and breadth are positive. Hence breadth = 5 m and length = 12 m.",quadratic_equations|word_problem|geometry_application|textbook_bootstrap,"Quadratic Equations Situational Problems on Quadratic Equations Translate day-to-day contexts into quadratic equations and solve them with an appropriate method. Model simple real-life situations using quadratic equations. application hard quadratic_equations word_problem geometry_application textbook_bootstrap A rectangular garden has area 60 m^2 and its length is 7 m more than its breadth. Find its dimensions. Breadth = 5 m, Length = 12 m Let the breadth be x m. Then length = x + 7 and x(x + 7) = 60, so x^2 + 7x - 60 = 0. Factorising gives (x + 12)(x - 5) = 0. So x = 5, since length and breadth are positive. Hence breadth = 5 m and length = 12 m."
question::q_tb_quadratic_factorization_001,q_tb_quadratic_factorization_001,ch_quadratic_equations,Quadratic Equations,c_quadratic_factorization,Quadratic Equations by Factorization,easy,algebraic,Solve x^2 - 9x + 20 = 0 by factorisation.,x = 4 or x = 5,Factorise x^2 - 9x + 20 as (x - 4)(x - 5) = 0. Therefore x = 4 or x = 5.,quadratic_equations|factorisation|textbook_bootstrap,Quadratic Equations Quadratic Equations by Factorization Solve quadratic equations with real roots by expressing the polynomial as a product of linear factors. Solve suitable quadratic equations by factorization. algebraic easy quadratic_equations factorisation textbook_bootstrap Solve x^2 - 9x + 20 = 0 by factorisation. x = 4 or x = 5 Factorise x^2 - 9x + 20 as (x - 4)(x - 5) = 0. Therefore x = 4 or x = 5.
question::q_tb_quadratic_factorization_002,q_tb_quadratic_factorization_002,ch_quadratic_equations,Quadratic Equations,c_quadratic_factorization,Quadratic Equations by Factorization,medium,algebraic,Solve 3x^2 - 13x + 12 = 0 by factorisation.,x = 3 or x = 4/3,"Split the middle term: 3x^2 - 9x - 4x + 12 = 0. Then 3x(x - 3) - 4(x - 3) = 0, so (3x - 4)(x - 3) = 0. Hence x = 4/3 or x = 3.",quadratic_equations|factorisation|middle_term_split|textbook_bootstrap,"Quadratic Equations Quadratic Equations by Factorization Solve quadratic equations with real roots by expressing the polynomial as a product of linear factors. Solve suitable quadratic equations by factorization. algebraic medium quadratic_equations factorisation middle_term_split textbook_bootstrap Solve 3x^2 - 13x + 12 = 0 by factorisation. x = 3 or x = 4/3 Split the middle term: 3x^2 - 9x - 4x + 12 = 0. Then 3x(x - 3) - 4(x - 3) = 0, so (3x - 4)(x - 3) = 0. Hence x = 4/3 or x = 3."
question::q_tb_quadratic_formula_002,q_tb_quadratic_formula_002,ch_quadratic_equations,Quadratic Equations,c_quadratic_formula,Quadratic Formula,hard,algebraic,Solve 6x^2 - x - 2 = 0 using the quadratic formula and simplify the roots.,x = 2/3 or x = -1/2,"For a = 6, b = -1, c = -2, D = 1 + 48 = 49. Therefore x = [1 +/- 7]/12, giving x = 8/12 = 2/3 or x = -6/12 = -1/2.",quadratic_equations|quadratic_formula|simplification|textbook_bootstrap,"Quadratic Equations Quadratic Formula Use the quadratic formula to solve any quadratic equation with real roots in standard form. Apply the quadratic formula accurately to Class X equations. algebraic hard quadratic_equations quadratic_formula simplification textbook_bootstrap Solve 6x^2 - x - 2 = 0 using the quadratic formula and simplify the roots. x = 2/3 or x = -1/2 For a = 6, b = -1, c = -2, D = 1 + 48 = 49. Therefore x = [1 +/- 7]/12, giving x = 8/12 = 2/3 or x = -6/12 = -1/2."
question::q_tb_quadratic_formula_001,q_tb_quadratic_formula_001,ch_quadratic_equations,Quadratic Equations,c_quadratic_formula,Quadratic Formula,medium,algebraic,Solve 2x^2 - 7x + 3 = 0 using the quadratic formula.,x = 3 or x = 1/2,"Here a = 2, b = -7, c = 3. Using x = [-b +/- sqrt(b^2 - 4ac)]/(2a), x = [7 +/- sqrt(49 - 24)]/4 = [7 +/- 5]/4. Hence x = 3 or x = 1/2.",quadratic_equations|quadratic_formula|textbook_bootstrap,"Quadratic Equations Quadratic Formula Use the quadratic formula to solve any quadratic equation with real roots in standard form. Apply the quadratic formula accurately to Class X equations. algebraic medium quadratic_equations quadratic_formula textbook_bootstrap Solve 2x^2 - 7x + 3 = 0 using the quadratic formula. x = 3 or x = 1/2 Here a = 2, b = -7, c = 3. Using x = [-b +/- sqrt(b^2 - 4ac)]/(2a), x = [7 +/- sqrt(49 - 24)]/4 = [7 +/- 5]/4. Hence x = 3 or x = 1/2."
question::q_rn_003,q_rn_003,ch_real_numbers,Real Numbers,c_decimal_expansions,Decimal Expansions of Rational Numbers,medium,classification,"Without performing long division, determine whether the decimal expansion of 13/160 is terminating or non-terminating recurring.",Terminating,Factor the denominator: 160 = 2^5 x 5. A rational number has a terminating decimal if the denominator in lowest form has only 2s and 5s as prime factors. Therefore 13/160 has a terminating decimal expansion.,real_numbers|decimals|classification,"Real Numbers Decimal Expansions of Rational Numbers Classify rational numbers by terminating or recurring decimal expansion through denominator factorization. Explain decimal behavior of rational numbers from prime factors of the denominator. classification medium real_numbers decimals classification Without performing long division, determine whether the decimal expansion of 13/160 is terminating or non-terminating recurring. Terminating Factor the denominator: 160 = 2^5 x 5. A rational number has a terminating decimal if the denominator in lowest form has only 2s and 5s as prime factors. Therefore 13/160 has a terminating decimal expansion."
question::q_tb_decimal_expansions_001,q_tb_decimal_expansions_001,ch_real_numbers,Real Numbers,c_decimal_expansions,Decimal Expansions of Rational Numbers,medium,classification,"Based on the NCERT section Revisiting Rational Numbers and Their Decimal Expansions, without long division, determine whether the decimal expansion of 13/96 is terminating or non-terminating recurring.",non-terminating recurring,"Write the denominator in lowest form. Since 96 has a prime factor other than 2 or 5 in the denominator, the decimal expansion is non-terminating recurring.",real_numbers|decimal_expansion|classification|textbook_bootstrap,"Real Numbers Decimal Expansions of Rational Numbers Classify rational numbers by terminating or recurring decimal expansion through denominator factorization. Explain decimal behavior of rational numbers from prime factors of the denominator. classification medium real_numbers decimal_expansion classification textbook_bootstrap Based on the NCERT section Revisiting Rational Numbers and Their Decimal Expansions, without long division, determine whether the decimal expansion of 13/96 is terminating or non-terminating recurring. non-terminating recurring Write the denominator in lowest form. Since 96 has a prime factor other than 2 or 5 in the denominator, the decimal expansion is non-terminating recurring."
question::q_rn_001,q_rn_001,ch_real_numbers,Real Numbers,c_euclid_division_lemma,Euclid Division Lemma,easy,short_answer,"Use Euclid's division lemma to express 455 in the form 42q + r, where 0 <= r < 42. Find q and r.","q = 10, r = 35","Divide 455 by 42. Since 42 x 10 = 420 and 455 - 420 = 35, we get 455 = 42 x 10 + 35. The remainder 35 is smaller than 42, so q = 10 and r = 35.",real_numbers|division_lemma|remainder,"Real Numbers Euclid Division Lemma Represent an integer as a = bq + r and use that decomposition to support HCF reasoning. Use Euclid-style quotient and remainder decomposition as a bridge into HCF computations. short_answer easy real_numbers division_lemma remainder Use Euclid's division lemma to express 455 in the form 42q + r, where 0 <= r < 42. Find q and r. q = 10, r = 35 Divide 455 by 42. Since 42 x 10 = 420 and 455 - 420 = 35, we get 455 = 42 x 10 + 35. The remainder 35 is smaller than 42, so q = 10 and r = 35."
question::q_tb_euclid_division_lemma_001,q_tb_euclid_division_lemma_001,ch_real_numbers,Real Numbers,c_euclid_division_lemma,Euclid Division Lemma,easy,short_answer,"Based on the NCERT section Introduction, use Euclid's division lemma to express 437 in the form 35q + r, where 0 <= r < 35. Find q and r.","q = 12, r = 17","Divide 437 by 35. Since 35 x 12 = 420 and 437 - 420 = 17, we get 437 = 35 x 12 + 17.",real_numbers|division_lemma|textbook_variant|textbook_bootstrap,"Real Numbers Euclid Division Lemma Represent an integer as a = bq + r and use that decomposition to support HCF reasoning. Use Euclid-style quotient and remainder decomposition as a bridge into HCF computations. short_answer easy real_numbers division_lemma textbook_variant textbook_bootstrap Based on the NCERT section Introduction, use Euclid's division lemma to express 437 in the form 35q + r, where 0 <= r < 35. Find q and r. q = 12, r = 17 Divide 437 by 35. Since 35 x 12 = 420 and 437 - 420 = 17, we get 437 = 35 x 12 + 17."
question::q_tb_fundamental_theorem_arithmetic_002,q_tb_fundamental_theorem_arithmetic_002,ch_real_numbers,Real Numbers,c_fundamental_theorem_arithmetic,Fundamental Theorem of Arithmetic,hard,reasoning,Why does the product of two positive integers have a unique prime factorisation apart from the order of the prime factors?,Because every composite number can be broken into primes uniquely up to order.,"The Fundamental Theorem of Arithmetic states that every composite number can be expressed as a product of primes, and this factorisation is unique except for the order of the primes. This is why prime factorisation gives consistent HCF and LCM results.",real_numbers|fundamental_theorem|reasoning|textbook_bootstrap,"Real Numbers Fundamental Theorem of Arithmetic Use unique prime factorization to reason about divisibility, HCF, LCM, and denominator structure. Apply prime factorization as the central theorem for Class X real-number reasoning. reasoning hard real_numbers fundamental_theorem reasoning textbook_bootstrap Why does the product of two positive integers have a unique prime factorisation apart from the order of the prime factors? Because every composite number can be broken into primes uniquely up to order. The Fundamental Theorem of Arithmetic states that every composite number can be expressed as a product of primes, and this factorisation is unique except for the order of the primes. This is why prime factorisation gives consistent HCF and LCM results."
question::q_tb_fundamental_theorem_arithmetic_001,q_tb_fundamental_theorem_arithmetic_001,ch_real_numbers,Real Numbers,c_fundamental_theorem_arithmetic,Fundamental Theorem of Arithmetic,medium,numerical,Use prime factorisation to find the HCF and LCM of 72 and 120.,"HCF = 24, LCM = 360",Prime factorise: 72 = 2^3 x 3^2 and 120 = 2^3 x 3 x 5. The HCF is the product of the smallest powers of common primes: 2^3 x 3 = 24. The LCM is the product of the greatest powers of all involved primes: 2^3 x 3^2 x 5 = 360.,real_numbers|prime_factorization|hcf_lcm|textbook_bootstrap,"Real Numbers Fundamental Theorem of Arithmetic Use unique prime factorization to reason about divisibility, HCF, LCM, and denominator structure. Apply prime factorization as the central theorem for Class X real-number reasoning. numerical medium real_numbers prime_factorization hcf_lcm textbook_bootstrap Use prime factorisation to find the HCF and LCM of 72 and 120. HCF = 24, LCM = 360 Prime factorise: 72 = 2^3 x 3^2 and 120 = 2^3 x 3 x 5. The HCF is the product of the smallest powers of common primes: 2^3 x 3 = 24. The LCM is the product of the greatest powers of all involved primes: 2^3 x 3^2 x 5 = 360."
question::q_rn_005,q_rn_005,ch_real_numbers,Real Numbers,c_hcf_lcm,HCF and LCM,hard,numerical,The HCF of 96 and 404 is 4. Use the relationship between HCF and LCM to find the LCM of the two numbers.,9696,"For two positive integers, HCF x LCM = product of the numbers. So LCM = (96 x 404) / 4 = 38784 / 4 = 9696.",real_numbers|lcm|relationship,"Real Numbers HCF and LCM Connect prime factorization and algorithmic reasoning to highest common factor and least common multiple. Compute HCF and LCM using theorem-based number reasoning. numerical hard real_numbers lcm relationship The HCF of 96 and 404 is 4. Use the relationship between HCF and LCM to find the LCM of the two numbers. 9696 For two positive integers, HCF x LCM = product of the numbers. So LCM = (96 x 404) / 4 = 38784 / 4 = 9696."
question::q_rn_002,q_rn_002,ch_real_numbers,Real Numbers,c_hcf_lcm,HCF and LCM,medium,numerical,Find the HCF of 867 and 255 using Euclid's algorithm.,51,"Apply repeated division: 867 = 255 x 3 + 102, 255 = 102 x 2 + 51, and 102 = 51 x 2 + 0. The last non-zero remainder is 51, so the HCF is 51.",real_numbers|hcf|euclid_algorithm,"Real Numbers HCF and LCM Connect prime factorization and algorithmic reasoning to highest common factor and least common multiple. Compute HCF and LCM using theorem-based number reasoning. numerical medium real_numbers hcf euclid_algorithm Find the HCF of 867 and 255 using Euclid's algorithm. 51 Apply repeated division: 867 = 255 x 3 + 102, 255 = 102 x 2 + 51, and 102 = 51 x 2 + 0. The last non-zero remainder is 51, so the HCF is 51."
question::q_tb_hcf_lcm_001,q_tb_hcf_lcm_001,ch_real_numbers,Real Numbers,c_hcf_lcm,HCF and LCM,medium,numerical,"Based on the NCERT section The Fundamental Theorem of Arithmetic, the HCF of 72 and 112 is 8. Use HCF x LCM = product of the numbers to find the LCM.",1008,LCM = (72 x 112) / 8 = 1008.,real_numbers|hcf_lcm|product_relationship|textbook_bootstrap,"Real Numbers HCF and LCM Connect prime factorization and algorithmic reasoning to highest common factor and least common multiple. Compute HCF and LCM using theorem-based number reasoning. numerical medium real_numbers hcf_lcm product_relationship textbook_bootstrap Based on the NCERT section The Fundamental Theorem of Arithmetic, the HCF of 72 and 112 is 8. Use HCF x LCM = product of the numbers to find the LCM. 1008 LCM = (72 x 112) / 8 = 1008."
question::q_rn_004,q_rn_004,ch_real_numbers,Real Numbers,c_irrational_numbers,Irrational Numbers,hard,proof,Show that 5 + sqrt(3) is irrational.,5 + sqrt(3) is irrational.,"Assume 5 + sqrt(3) is rational. Then subtracting 5, which is rational, would imply sqrt(3) is rational. But sqrt(3) is irrational. This contradiction shows that 5 + sqrt(3) must be irrational.",real_numbers|irrational|proof,"Real Numbers Irrational Numbers Use contradiction-based arguments to show that selected numbers are irrational. Distinguish rational and irrational numbers with proof-oriented reasoning. proof hard real_numbers irrational proof Show that 5 + sqrt(3) is irrational. 5 + sqrt(3) is irrational. Assume 5 + sqrt(3) is rational. Then subtracting 5, which is rational, would imply sqrt(3) is rational. But sqrt(3) is irrational. This contradiction shows that 5 + sqrt(3) must be irrational."
question::q_tb_irrational_numbers_001,q_tb_irrational_numbers_001,ch_real_numbers,Real Numbers,c_irrational_numbers,Irrational Numbers,hard,proof,"Based on the NCERT section Revisiting Irrational Numbers, show that 3 + sqrt(2) is irrational.",3 + sqrt(2) is irrational.,"Assume 3 + sqrt(2) is rational. Then subtracting 3 would make sqrt(2) rational, which is impossible because 2 is not a perfect square. Hence 3 + sqrt(2) is irrational.",real_numbers|irrational|proof|textbook_bootstrap,"Real Numbers Irrational Numbers Use contradiction-based arguments to show that selected numbers are irrational. Distinguish rational and irrational numbers with proof-oriented reasoning. proof hard real_numbers irrational proof textbook_bootstrap Based on the NCERT section Revisiting Irrational Numbers, show that 3 + sqrt(2) is irrational. 3 + sqrt(2) is irrational. Assume 3 + sqrt(2) is rational. Then subtracting 3 would make sqrt(2) rational, which is impossible because 2 is not a perfect square. Hence 3 + sqrt(2) is irrational."
question::q_tb_grouped_data_mean_001,q_tb_grouped_data_mean_001,ch_statistics,Statistics,c_grouped_data_mean,Mean of Grouped Data,easy,statistics,"Find the mean of the grouped data with classes 0-10, 10-20, 20-30 and frequencies 5, 7, 8.",16.5,"Class marks are 5, 15 and 25. Then sum(fx) = 5x5 + 7x15 + 8x25 = 25 + 105 + 200 = 330. Total frequency is 20. Mean = 330/20 = 16.5.",statistics|grouped_mean|textbook_bootstrap,"Statistics Mean of Grouped Data Compute the mean of grouped data using tabular methods appropriate for Class X. Find the average of grouped data correctly. statistics easy statistics grouped_mean textbook_bootstrap Find the mean of the grouped data with classes 0-10, 10-20, 20-30 and frequencies 5, 7, 8. 16.5 Class marks are 5, 15 and 25. Then sum(fx) = 5x5 + 7x15 + 8x25 = 25 + 105 + 200 = 330. Total frequency is 20. Mean = 330/20 = 16.5."
question::q_tb_grouped_data_mean_002,q_tb_grouped_data_mean_002,ch_statistics,Statistics,c_grouped_data_mean,Mean of Grouped Data,medium,statistics,"Find the mean of the grouped data: class intervals 10-20, 20-30, 30-40, 40-50 with frequencies 4, 6, 10, 5.",31.4,"Class marks are 15, 25, 35 and 45. Sum(fx) = 4x15 + 6x25 + 10x35 + 5x45 = 60 + 150 + 350 + 225 = 785. Total frequency = 25. Mean = 785/25 = 31.4.",statistics|grouped_mean|class_mark|textbook_bootstrap,"Statistics Mean of Grouped Data Compute the mean of grouped data using tabular methods appropriate for Class X. Find the average of grouped data correctly. statistics medium statistics grouped_mean class_mark textbook_bootstrap Find the mean of the grouped data: class intervals 10-20, 20-30, 30-40, 40-50 with frequencies 4, 6, 10, 5. 31.4 Class marks are 15, 25, 35 and 45. Sum(fx) = 4x15 + 6x25 + 10x35 + 5x45 = 60 + 150 + 350 + 225 = 785. Total frequency = 25. Mean = 785/25 = 31.4."
question::q_tb_grouped_data_median_mode_001,q_tb_grouped_data_median_mode_001,ch_statistics,Statistics,c_grouped_data_median_mode,Median and Mode of Grouped Data,medium,statistics,"Find the mode of the grouped data: class intervals 0-10, 10-20, 20-30, 30-40, 40-50 with frequencies 3, 7, 12, 8, 5.",25.56 approximately,"The modal class is 20-30 because it has the highest frequency 12. Using Mode = l + [(f1 - f0)/(2f1 - f0 - f2)] x h with l = 20, h = 10, f1 = 12, f0 = 7 and f2 = 8, Mode = 20 + (5/9) x 10 = 25.56 approximately.",statistics|grouped_mode|textbook_bootstrap,"Statistics Median and Mode of Grouped Data Use the grouped-data formulas for median and mode, excluding bimodal cases as specified by CBSE. Compute median and mode of grouped data and interpret them. statistics medium statistics grouped_mode textbook_bootstrap Find the mode of the grouped data: class intervals 0-10, 10-20, 20-30, 30-40, 40-50 with frequencies 3, 7, 12, 8, 5. 25.56 approximately The modal class is 20-30 because it has the highest frequency 12. Using Mode = l + [(f1 - f0)/(2f1 - f0 - f2)] x h with l = 20, h = 10, f1 = 12, f0 = 7 and f2 = 8, Mode = 20 + (5/9) x 10 = 25.56 approximately."
question::q_tb_grouped_data_median_mode_002,q_tb_grouped_data_median_mode_002,ch_statistics,Statistics,c_grouped_data_median_mode,Median and Mode of Grouped Data,medium,statistics,"Find the median of the grouped data: class intervals 0-10, 10-20, 20-30, 30-40 with frequencies 5, 9, 7, 4.",18.33 approximately,"Total frequency N = 25, so N/2 = 12.5. Cumulative frequencies are 5, 14, 21, 25, so the median class is 10-20. Using Median = l + [(N/2 - cf)/f] x h with l = 10, cf = 5, f = 9, h = 10, Median = 10 + (7.5/9) x 10 = 18.33 approximately.",statistics|grouped_median|textbook_bootstrap,"Statistics Median and Mode of Grouped Data Use the grouped-data formulas for median and mode, excluding bimodal cases as specified by CBSE. Compute median and mode of grouped data and interpret them. statistics medium statistics grouped_median textbook_bootstrap Find the median of the grouped data: class intervals 0-10, 10-20, 20-30, 30-40 with frequencies 5, 9, 7, 4. 18.33 approximately Total frequency N = 25, so N/2 = 12.5. Cumulative frequencies are 5, 14, 21, 25, so the median class is 10-20. Using Median = l + [(N/2 - cf)/f] x h with l = 10, cf = 5, f = 9, h = 10, Median = 10 + (7.5/9) x 10 = 18.33 approximately."
question::q_tb_combination_solids_surface_area_002,q_tb_combination_solids_surface_area_002,ch_surface_areas_volumes,Surface Areas and Volumes,c_combination_solids_surface_area,Surface Area of Combined Solids,hard,numerical,A solid metallic object is formed by a cone of radius 3 cm and height 4 cm mounted on a hemisphere of radius 3 cm. Find its total external surface area in terms of pi.,33pi square cm,Slant height of cone = sqrt(3^2 + 4^2) = 5 cm. External surface area = curved surface area of cone + curved surface area of hemisphere = pi r l + 2pi r^2 = pi x 3 x 5 + 2pi x 3^2 = 15pi + 18pi = 33pi square cm.,surface_areas_volumes|surface_area|combined_solids|textbook_bootstrap,Surface Areas and Volumes Surface Area of Combined Solids Compute external surface area when two standard solids are combined into one object. Set up and evaluate surface-area expressions for composite solids. numerical hard surface_areas_volumes surface_area combined_solids textbook_bootstrap A solid metallic object is formed by a cone of radius 3 cm and height 4 cm mounted on a hemisphere of radius 3 cm. Find its total external surface area in terms of pi. 33pi square cm Slant height of cone = sqrt(3^2 + 4^2) = 5 cm. External surface area = curved surface area of cone + curved surface area of hemisphere = pi r l + 2pi r^2 = pi x 3 x 5 + 2pi x 3^2 = 15pi + 18pi = 33pi square cm.
question::q_tb_combination_solids_surface_area_001,q_tb_combination_solids_surface_area_001,ch_surface_areas_volumes,Surface Areas and Volumes,c_combination_solids_surface_area,Surface Area of Combined Solids,medium,numerical,"A toy is made by attaching a hemisphere of radius 3 cm on top of a cylinder of the same radius and height 6 cm. Find its external surface area, excluding the base touching the table.",54pi square cm,External surface area = curved surface area of hemisphere + curved surface area of cylinder = 2pi r^2 + 2pi rh = 2pi x 3^2 + 2pi x 3 x 6 = 18pi + 36pi = 54pi square cm.,surface_areas_volumes|surface_area|textbook_bootstrap,"Surface Areas and Volumes Surface Area of Combined Solids Compute external surface area when two standard solids are combined into one object. Set up and evaluate surface-area expressions for composite solids. numerical medium surface_areas_volumes surface_area textbook_bootstrap A toy is made by attaching a hemisphere of radius 3 cm on top of a cylinder of the same radius and height 6 cm. Find its external surface area, excluding the base touching the table. 54pi square cm External surface area = curved surface area of hemisphere + curved surface area of cylinder = 2pi r^2 + 2pi rh = 2pi x 3^2 + 2pi x 3 x 6 = 18pi + 36pi = 54pi square cm."
question::q_tb_combination_solids_volume_002,q_tb_combination_solids_volume_002,ch_surface_areas_volumes,Surface Areas and Volumes,c_combination_solids_volume,Volume of Combined Solids,hard,application,A medicine capsule consists of a cylinder of height 14 mm with two hemispherical ends of radius 3 mm. Find its volume in cubic millimetres in terms of pi.,162pi cubic mm,The two hemispheres together make one sphere of radius 3 mm. Volume = volume of cylinder + volume of sphere = pi x 3^2 x 14 + (4/3)pi x 3^3 = 126pi + 36pi = 162pi cubic mm.,surface_areas_volumes|volume|capsule|textbook_bootstrap,Surface Areas and Volumes Volume of Combined Solids Compute volume for composite solids formed from two standard Class X solid figures. Calculate volume of combined solids accurately. application hard surface_areas_volumes volume capsule textbook_bootstrap A medicine capsule consists of a cylinder of height 14 mm with two hemispherical ends of radius 3 mm. Find its volume in cubic millimetres in terms of pi. 162pi cubic mm The two hemispheres together make one sphere of radius 3 mm. Volume = volume of cylinder + volume of sphere = pi x 3^2 x 14 + (4/3)pi x 3^3 = 126pi + 36pi = 162pi cubic mm.
question::q_tb_combination_solids_volume_001,q_tb_combination_solids_volume_001,ch_surface_areas_volumes,Surface Areas and Volumes,c_combination_solids_volume,Volume of Combined Solids,medium,numerical,A solid is formed by a cylinder of radius 3 cm and height 10 cm with a cone of the same radius and height 4 cm on top. Find its volume.,102pi cubic cm,Volume = volume of cylinder + volume of cone = pi r^2 h + (1/3)pi r^2 h = pi x 3^2 x 10 + (1/3)pi x 3^2 x 4 = 90pi + 12pi = 102pi cubic cm.,surface_areas_volumes|volume|textbook_bootstrap,Surface Areas and Volumes Volume of Combined Solids Compute volume for composite solids formed from two standard Class X solid figures. Calculate volume of combined solids accurately. numerical medium surface_areas_volumes volume textbook_bootstrap A solid is formed by a cylinder of radius 3 cm and height 10 cm with a cone of the same radius and height 4 cm on top. Find its volume. 102pi cubic cm Volume = volume of cylinder + volume of cone = pi r^2 h + (1/3)pi r^2 h = pi x 3^2 x 10 + (1/3)pi x 3^2 x 4 = 90pi + 12pi = 102pi cubic cm.
question::q_tri_005,q_tri_005,ch_triangles,Triangles,c_basic_proportionality_theorem,Basic Proportionality Theorem,hard,numerical,"In triangle ABC, D lies on AB and E lies on AC such that DE is parallel to BC. If AD = 3 cm, DB = x cm, AE = 4 cm, and EC = x + 2 cm, find x.",6,"Since DE || BC, the intercepted sides are proportional, so AD/DB = AE/EC. Substitute the given values: 3/x = 4/(x + 2). Cross-multiplying gives 3x + 6 = 4x, hence x = 6.",triangles|bpt|algebraic_reasoning,"Triangles Basic Proportionality Theorem If a line is drawn parallel to one side of a triangle, it divides the other two sides in the same ratio. Use BPT and its converse to solve segment-length problems in triangles. numerical hard triangles bpt algebraic_reasoning In triangle ABC, D lies on AB and E lies on AC such that DE is parallel to BC. If AD = 3 cm, DB = x cm, AE = 4 cm, and EC = x + 2 cm, find x. 6 Since DE || BC, the intercepted sides are proportional, so AD/DB = AE/EC. Substitute the given values: 3/x = 4/(x + 2). Cross-multiplying gives 3x + 6 = 4x, hence x = 6."
question::q_tb_basic_proportionality_theorem_001,q_tb_basic_proportionality_theorem_001,ch_triangles,Triangles,c_basic_proportionality_theorem,Basic Proportionality Theorem,medium,numerical,"In triangle ABC, D lies on AB and E lies on AC. If DE is parallel to BC, AD = 3 cm, DB = 5 cm, and AE = 7.5 cm, find AC.",20 cm,"Since DE is parallel to BC, triangles ADE and ABC are similar. Therefore AD/AB = AE/AC. Here AB = 8. So 3/8 = 7.5/AC, giving AC = 20 cm.",triangles|bpt|parallel_lines|textbook_bootstrap,"Triangles Basic Proportionality Theorem If a line is drawn parallel to one side of a triangle, it divides the other two sides in the same ratio. Use BPT and its converse to solve segment-length problems in triangles. numerical medium triangles bpt parallel_lines textbook_bootstrap In triangle ABC, D lies on AB and E lies on AC. If DE is parallel to BC, AD = 3 cm, DB = 5 cm, and AE = 7.5 cm, find AC. 20 cm Since DE is parallel to BC, triangles ADE and ABC are similar. Therefore AD/AB = AE/AC. Here AB = 8. So 3/8 = 7.5/AC, giving AC = 20 cm."
question::q_tri_002,q_tri_002,ch_triangles,Triangles,c_basic_proportionality_theorem,Basic Proportionality Theorem,medium,numerical,"In triangle ABC, D lies on AB and E lies on AC. If DE is parallel to BC, AD = 3 cm, DB = 2 cm, and AE = 4.5 cm, find AC.",7.5 cm,"Since DE || BC, triangle ADE is similar to triangle ABC. Therefore AD/AB = AE/AC. Here AB = AD + DB = 5 cm. So 3/5 = 4.5/AC, giving AC = (4.5 x 5)/3 = 7.5 cm.",triangles|bpt|parallel_lines,"Triangles Basic Proportionality Theorem If a line is drawn parallel to one side of a triangle, it divides the other two sides in the same ratio. Use BPT and its converse to solve segment-length problems in triangles. numerical medium triangles bpt parallel_lines In triangle ABC, D lies on AB and E lies on AC. If DE is parallel to BC, AD = 3 cm, DB = 2 cm, and AE = 4.5 cm, find AC. 7.5 cm Since DE || BC, triangle ADE is similar to triangle ABC. Therefore AD/AB = AE/AC. Here AB = AD + DB = 5 cm. So 3/5 = 4.5/AC, giving AC = (4.5 x 5)/3 = 7.5 cm."
question::q_tb_pythagoras_theorem_001,q_tb_pythagoras_theorem_001,ch_triangles,Triangles,c_pythagoras_theorem,Pythagoras Theorem,medium,numerical,A right triangle has legs 7 cm and 24 cm. Find the hypotenuse.,25 cm,"By Pythagoras theorem, hypotenuse = sqrt(7^2 + 24^2) = sqrt(49 + 576) = sqrt(625) = 25 cm.",triangles|pythagoras|right_triangle|textbook_bootstrap,"Triangles Pythagoras Theorem Use right-triangle side relationships as a supporting skill for geometry and trigonometry problems. Compute unknown side lengths in right triangles. numerical medium triangles pythagoras right_triangle textbook_bootstrap A right triangle has legs 7 cm and 24 cm. Find the hypotenuse. 25 cm By Pythagoras theorem, hypotenuse = sqrt(7^2 + 24^2) = sqrt(49 + 576) = sqrt(625) = 25 cm."
question::q_tri_003,q_tri_003,ch_triangles,Triangles,c_pythagoras_theorem,Pythagoras Theorem,medium,numerical,A right triangle has legs of length 9 cm and 12 cm. Find the length of the hypotenuse.,15 cm,"Using Pythagoras theorem, hypotenuse^2 = 9^2 + 12^2 = 81 + 144 = 225. So the hypotenuse is sqrt(225) = 15 cm.",triangles|pythagoras|right_triangle,"Triangles Pythagoras Theorem Use right-triangle side relationships as a supporting skill for geometry and trigonometry problems. Compute unknown side lengths in right triangles. numerical medium triangles pythagoras right_triangle A right triangle has legs of length 9 cm and 12 cm. Find the length of the hypotenuse. 15 cm Using Pythagoras theorem, hypotenuse^2 = 9^2 + 12^2 = 81 + 144 = 225. So the hypotenuse is sqrt(225) = 15 cm."
question::q_tb_similar_triangles_001,q_tb_similar_triangles_001,ch_triangles,Triangles,c_similar_triangles,Similar Triangles,easy,reasoning,"The sides of one triangle are 5 cm, 12 cm, 13 cm. Another triangle has sides 15 cm, 36 cm, 39 cm. Are the triangles similar?","Yes, the triangles are similar.","The corresponding side ratios are all 3:1. Since the three pairs of corresponding sides are proportional, the triangles are similar by SSS similarity.",triangles|similarity|sss|textbook_bootstrap,"Triangles Similar Triangles Identify and justify similarity between triangles from equal angles or proportional sides. Apply the Class X similarity criteria to establish triangle similarity. reasoning easy triangles similarity sss textbook_bootstrap The sides of one triangle are 5 cm, 12 cm, 13 cm. Another triangle has sides 15 cm, 36 cm, 39 cm. Are the triangles similar? Yes, the triangles are similar. The corresponding side ratios are all 3:1. Since the three pairs of corresponding sides are proportional, the triangles are similar by SSS similarity."
question::q_tri_001,q_tri_001,ch_triangles,Triangles,c_similar_triangles,Similar Triangles,easy,reasoning,"The sides of two triangles are 6 cm, 8 cm, 10 cm and 9 cm, 12 cm, 15 cm. Are the triangles similar?","Yes, the triangles are similar.","Compare corresponding sides: 9/6 = 12/8 = 15/10 = 3/2. Since all three side ratios are equal, the triangles are similar by the SSS similarity criterion.",triangles|similarity|sss,"Triangles Similar Triangles Identify and justify similarity between triangles from equal angles or proportional sides. Apply the Class X similarity criteria to establish triangle similarity. reasoning easy triangles similarity sss The sides of two triangles are 6 cm, 8 cm, 10 cm and 9 cm, 12 cm, 15 cm. Are the triangles similar? Yes, the triangles are similar. Compare corresponding sides: 9/6 = 12/8 = 15/10 = 3/2. Since all three side ratios are equal, the triangles are similar by the SSS similarity criterion."
question::q_tb_similarity_area_ratio_001,q_tb_similarity_area_ratio_001,ch_triangles,Triangles,c_similarity_area_ratio,Criteria for Similarity and Area Ratio,hard,application,"Two similar triangles have corresponding sides in the ratio 3:4. If the area of the smaller triangle is 27 cm^2, find the area of the larger triangle.",48 cm^2,"For similar triangles, the ratio of areas equals the square of the ratio of corresponding sides. So smaller:larger area = 9:16. Therefore the larger area is 48 cm^2.",triangles|similarity|area_ratio|textbook_bootstrap,"Triangles Criteria for Similarity and Area Ratio Extend similarity reasoning to area ratios and proof-oriented questions on corresponding parts. Connect side-ratio similarity to area scaling arguments. application hard triangles similarity area_ratio textbook_bootstrap Two similar triangles have corresponding sides in the ratio 3:4. If the area of the smaller triangle is 27 cm^2, find the area of the larger triangle. 48 cm^2 For similar triangles, the ratio of areas equals the square of the ratio of corresponding sides. So smaller:larger area = 9:16. Therefore the larger area is 48 cm^2."
question::q_tri_004,q_tri_004,ch_triangles,Triangles,c_similarity_area_ratio,Criteria for Similarity and Area Ratio,hard,application,"Two similar triangles have corresponding side lengths in the ratio 3:5. If the area of the smaller triangle is 27 cm^2, find the area of the larger triangle.",75 cm^2,"For similar triangles, the ratio of areas equals the square of the ratio of corresponding sides. So smaller:larger area = 3^2:5^2 = 9:25. If 9 parts correspond to 27 cm^2, then 1 part is 3 cm^2, and 25 parts correspond to 75 cm^2.",triangles|similarity|area_ratio,"Triangles Criteria for Similarity and Area Ratio Extend similarity reasoning to area ratios and proof-oriented questions on corresponding parts. Connect side-ratio similarity to area scaling arguments. application hard triangles similarity area_ratio Two similar triangles have corresponding side lengths in the ratio 3:5. If the area of the smaller triangle is 27 cm^2, find the area of the larger triangle. 75 cm^2 For similar triangles, the ratio of areas equals the square of the ratio of corresponding sides. So smaller:larger area = 3^2:5^2 = 9:25. If 9 parts correspond to 27 cm^2, then 1 part is 3 cm^2, and 25 parts correspond to 75 cm^2."
question::q_tb_heights_distances_001,q_tb_heights_distances_001,ch_trigonometry,Introduction to Trigonometry,c_heights_distances,Heights and Distances,hard,application,"From a point on the ground 20 m away from the base of a tower, the angle of elevation of the top is 45 degrees. Find the height of the tower.",20 m,"Using tan 45 degrees = height/20, we solve for the height. This gives 20 m.",trigonometry|heights_distances|application|textbook_bootstrap,"Introduction to Trigonometry Heights and Distances Solve simple elevation and depression problems using one or two right triangles and standard angles. Model height-and-distance situations with trigonometric ratios. application hard trigonometry heights_distances application textbook_bootstrap From a point on the ground 20 m away from the base of a tower, the angle of elevation of the top is 45 degrees. Find the height of the tower. 20 m Using tan 45 degrees = height/20, we solve for the height. This gives 20 m."
question::q_trig_004,q_trig_004,ch_trigonometry,Introduction to Trigonometry,c_heights_distances,Heights and Distances,hard,application,"From a point on the ground 20 m away from the base of a tower, the angle of elevation of the top is 60 degrees. Find the height of the tower.",20*sqrt(3) m (approximately 34.64 m),"Let the height of the tower be h. Using tan 60 degrees = h/20 and tan 60 degrees = sqrt(3), we get h = 20*sqrt(3) m, which is approximately 34.64 m.",trigonometry|heights_distances|application,"Introduction to Trigonometry Heights and Distances Solve simple elevation and depression problems using one or two right triangles and standard angles. Model height-and-distance situations with trigonometric ratios. application hard trigonometry heights_distances application From a point on the ground 20 m away from the base of a tower, the angle of elevation of the top is 60 degrees. Find the height of the tower. 20*sqrt(3) m (approximately 34.64 m) Let the height of the tower be h. Using tan 60 degrees = h/20 and tan 60 degrees = sqrt(3), we get h = 20*sqrt(3) m, which is approximately 34.64 m."
question::q_tb_standard_trig_values_001,q_tb_standard_trig_values_001,ch_trigonometry,Introduction to Trigonometry,c_standard_trig_values,Standard Trigonometric Values,easy,short_answer,Evaluate tan 45 degrees + sin 30 degrees.,3/2,"tan 45 degrees = 1 and sin 30 degrees = 1/2, so the sum is 3/2.",trigonometry|standard_values|evaluation|textbook_bootstrap,"Introduction to Trigonometry Standard Trigonometric Values Recall the exact trigonometric values at 30, 45 and 60 degrees within the official syllabus. Use standard angle values quickly in evaluation and simplification problems. short_answer easy trigonometry standard_values evaluation textbook_bootstrap Evaluate tan 45 degrees + sin 30 degrees. 3/2 tan 45 degrees = 1 and sin 30 degrees = 1/2, so the sum is 3/2."
question::q_trig_002,q_trig_002,ch_trigonometry,Introduction to Trigonometry,c_standard_trig_values,Standard Trigonometric Values,easy,short_answer,"Write the values of sin 30 degrees, cos 60 degrees, and tan 45 degrees.","sin 30 degrees = 1/2, cos 60 degrees = 1/2, tan 45 degrees = 1","These are standard trigonometric values: sin 30 degrees = 1/2, cos 60 degrees = 1/2, and tan 45 degrees = 1.",trigonometry|standard_values|angles,"Introduction to Trigonometry Standard Trigonometric Values Recall the exact trigonometric values at 30, 45 and 60 degrees within the official syllabus. Use standard angle values quickly in evaluation and simplification problems. short_answer easy trigonometry standard_values angles Write the values of sin 30 degrees, cos 60 degrees, and tan 45 degrees. sin 30 degrees = 1/2, cos 60 degrees = 1/2, tan 45 degrees = 1 These are standard trigonometric values: sin 30 degrees = 1/2, cos 60 degrees = 1/2, and tan 45 degrees = 1."
question::q_tb_trig_identities_001,q_tb_trig_identities_001,ch_trigonometry,Introduction to Trigonometry,c_trig_identities,Trigonometric Identities,medium,verification,"If tan(theta) = 3/4, verify that 1 + tan^2(theta) = sec^2(theta).",Both sides equal 25/16,tan^2(theta) = 9/16. Hence 1 + tan^2(theta) = (16 + 9)/16 = 25/16. Therefore sec^2(theta) has the same value.,trigonometry|identity|verification|textbook_bootstrap,"Introduction to Trigonometry Trigonometric Identities Use sin^2 A + cos^2 A = 1 and simple derived identities in proof and simplification tasks. Verify and apply simple Class X trigonometric identities. verification medium trigonometry identity verification textbook_bootstrap If tan(theta) = 3/4, verify that 1 + tan^2(theta) = sec^2(theta). Both sides equal 25/16 tan^2(theta) = 9/16. Hence 1 + tan^2(theta) = (16 + 9)/16 = 25/16. Therefore sec^2(theta) has the same value."
question::q_trig_003,q_trig_003,ch_trigonometry,Introduction to Trigonometry,c_trig_identities,Trigonometric Identities,medium,verification,"If sin(theta) = 3/5 and cos(theta) = 4/5 for an acute angle theta, verify that 1 + tan^2(theta) = sec^2(theta).",Both sides equal 25/16,"Compute tan(theta) = sin(theta)/cos(theta) = (3/5)/(4/5) = 3/4. Then 1 + tan^2(theta) = 1 + 9/16 = 25/16. Also sec(theta) = 1/cos(theta) = 5/4, so sec^2(theta) = 25/16. Hence the identity is verified.",trigonometry|identity|verification,"Introduction to Trigonometry Trigonometric Identities Use sin^2 A + cos^2 A = 1 and simple derived identities in proof and simplification tasks. Verify and apply simple Class X trigonometric identities. verification medium trigonometry identity verification If sin(theta) = 3/5 and cos(theta) = 4/5 for an acute angle theta, verify that 1 + tan^2(theta) = sec^2(theta). Both sides equal 25/16 Compute tan(theta) = sin(theta)/cos(theta) = (3/5)/(4/5) = 3/4. Then 1 + tan^2(theta) = 1 + 9/16 = 25/16. Also sec(theta) = 1/cos(theta) = 5/4, so sec^2(theta) = 25/16. Hence the identity is verified."
question::q_tb_trigonometric_ratios_001,q_tb_trigonometric_ratios_001,ch_trigonometry,Introduction to Trigonometry,c_trigonometric_ratios,Trigonometric Ratios,easy,numerical,"In a right triangle, the side opposite theta is 5 cm and the adjacent side is 12 cm. Find sin(theta), cos(theta), and tan(theta).","sin(theta) = 5/13, cos(theta) = 12/13, tan(theta) = 5/12","The hypotenuse is 13. Therefore sin(theta) = opposite/hypotenuse = 5/13, cos(theta) = 12/13, and tan(theta) = 5/12.",trigonometry|ratios|right_triangle|textbook_bootstrap,"Introduction to Trigonometry Trigonometric Ratios Define sine, cosine, tangent and related ratios for an acute angle in a right-angled triangle. Compute and interpret trigonometric ratios from triangle sides. numerical easy trigonometry ratios right_triangle textbook_bootstrap In a right triangle, the side opposite theta is 5 cm and the adjacent side is 12 cm. Find sin(theta), cos(theta), and tan(theta). sin(theta) = 5/13, cos(theta) = 12/13, tan(theta) = 5/12 The hypotenuse is 13. Therefore sin(theta) = opposite/hypotenuse = 5/13, cos(theta) = 12/13, and tan(theta) = 5/12."
question::q_trig_001,q_trig_001,ch_trigonometry,Introduction to Trigonometry,c_trigonometric_ratios,Trigonometric Ratios,easy,numerical,"In a right triangle, the side opposite angle theta is 7 cm and the adjacent side is 24 cm. Find sin(theta), cos(theta), and tan(theta).","sin(theta) = 7/25, cos(theta) = 24/25, tan(theta) = 7/24","First find the hypotenuse using Pythagoras theorem: sqrt(7^2 + 24^2) = sqrt(49 + 576) = sqrt(625) = 25. Then sin(theta) = opposite/hypotenuse = 7/25, cos(theta) = adjacent/hypotenuse = 24/25, and tan(theta) = opposite/adjacent = 7/24.",trigonometry|ratios|right_triangle,"Introduction to Trigonometry Trigonometric Ratios Define sine, cosine, tangent and related ratios for an acute angle in a right-angled triangle. Compute and interpret trigonometric ratios from triangle sides. numerical easy trigonometry ratios right_triangle In a right triangle, the side opposite angle theta is 7 cm and the adjacent side is 24 cm. Find sin(theta), cos(theta), and tan(theta). sin(theta) = 7/25, cos(theta) = 24/25, tan(theta) = 7/24 First find the hypotenuse using Pythagoras theorem: sqrt(7^2 + 24^2) = sqrt(49 + 576) = sqrt(625) = 25. Then sin(theta) = opposite/hypotenuse = 7/25, cos(theta) = adjacent/hypotenuse = 24/25, and tan(theta) = opposite/adjacent = 7/24."
question::q_trig_005,q_trig_005,ch_trigonometry,Introduction to Trigonometry,c_trigonometric_ratios,Trigonometric Ratios,medium,numerical,"If tan(theta) = 3/4 for an acute angle theta, find sin(theta) and cos(theta).","sin(theta) = 3/5, cos(theta) = 4/5",Take the opposite and adjacent sides as 3 and 4. Then the hypotenuse is 5 by the Pythagorean triple 3-4-5. Therefore sin(theta) = 3/5 and cos(theta) = 4/5.,trigonometry|tan|ratio_conversion,"Introduction to Trigonometry Trigonometric Ratios Define sine, cosine, tangent and related ratios for an acute angle in a right-angled triangle. Compute and interpret trigonometric ratios from triangle sides. numerical medium trigonometry tan ratio_conversion If tan(theta) = 3/4 for an acute angle theta, find sin(theta) and cos(theta). sin(theta) = 3/5, cos(theta) = 4/5 Take the opposite and adjacent sides as 3 and 4. Then the hypotenuse is 5 by the Pythagorean triple 3-4-5. Therefore sin(theta) = 3/5 and cos(theta) = 4/5."
